<addon id="plugin.program.wifi" version="1.2.0" name="WIFI" provider-name="byte4rr4y">
    <extension point="xbmc.python.script" library="main.py">
        <provides>executable</provides>
        	<assets>
		    	<icon>resources/art/wifi.png</icon>
        		<description>Ein Kodi-Add-On zur Verwaltung von WLAN-Einstellungen.</description>
        	</assets>
    </extension>
    <extension point="xbmc.addon.metadata">
        <platform>all</platform>
        <assets>
            <icon>resources/art/wifi.png</icon>
            <fanart>resources/art/wifi.png</fanart>
        </assets>
    </extension>
    <requires>
        <import addon="xbmc.python" version="3.0.0"/>
    </requires>
</addon>
